彩种,类型,排名,组合,自身遗漏,自身r,自身z,关联数,关联均值z,邻冷比例,强匹配,经验概率,综合得分,上次开出
福彩3D,两码组六,1,25,67,2.865,1.83,2,0.48,0.5,1,4.265,2.12,2026195
福彩3D,两码组六,2,57,67,3.255,2.51,2,-1.03,0.0,0,4.846,1.89,2026195
福彩3D,两码组六,3,24,56,2.58,1.68,2,0.31,0.5,1,4.595,1.87,2026206
福彩3D,两码组六,4,27,47,2.176,1.28,2,0.31,0.5,1,4.618,1.47,2026215
福彩3D,两码组六,5,23,44,2.007,0.96,2,0.33,0.5,1,4.55,1.15,2026218
福彩3D,两码组六,6,14,55,2.678,1.76,2,-1.04,0.0,0,4.857,1.13,2026207
福彩3D,两码组六,7,26,38,1.738,0.7,2,0.64,0.5,1,4.561,1.08,2026224
福彩3D,两码组六,8,39,46,2.229,1.35,2,-0.85,0.0,0,4.835,0.85,2026216
福彩3D,两码组六,9,38,40,1.893,0.89,2,-0.35,0.5,0,4.721,0.68,2026222
福彩3D,两码组六,10,28,16,0.826,-0.17,2,1.14,1.0,1,5.154,0.51,2026246
福彩3D,两码组六,11,02,10,0.455,-0.54,2,1.28,1.0,1,4.538,0.23,2026252
福彩3D,两码组六,12,12,19,0.875,-0.13,2,0.47,0.5,1,4.595,0.15,2026243
福彩3D,两码组六,13,07,26,1.224,0.24,2,-0.23,0.5,0,4.698,0.11,2026236
福彩3D,两码组六,14,18,22,1.056,0.06,2,-0.21,0.5,0,4.789,-0.06,2026240
福彩3D,两码组六,15,79,29,1.376,0.37,2,-0.86,0.0,0,4.732,-0.15,2026233
福彩3D,两码组六,16,29,10,0.473,-0.55,2,0.65,0.5,1,4.721,-0.16,2026252
福彩3D,两码组六,17,06,15,0.756,-0.27,2,0.1,0.5,0,5.029,-0.21,2026247
福彩3D,两码组六,18,08,8,0.408,-0.65,2,0.61,1.0,0,5.086,-0.29,2026254
福彩3D,两码组六,19,89,13,0.669,-0.36,2,-0.03,0.5,0,5.131,-0.38,2026249
福彩3D,两码组六,20,09,10,0.472,-0.58,2,0.11,0.5,0,4.709,-0.51,2026252
福彩3D,组六三码,1,578,906,5.992,4.43,3,0.52,0.333,1,0.65,4.74,2024059
福彩3D,组六三码,2,579,658,3.977,3.11,3,0.83,0.667,1,0.593,3.61,2024307
福彩3D,组六三码,3,128,757,4.92,3.64,3,-0.08,0.333,0,0.639,3.59,2024208
福彩3D,组六三码,4,014,572,4.044,2.94,3,0.14,0.333,1,0.696,3.02,2025041
福彩3D,组六三码,5,039,699,3.746,2.88,3,0.08,0.333,1,0.525,2.93,2024266
福彩3D,组六三码,6,247,712,3.897,2.44,3,0.64,0.667,2,0.536,2.83,2024253
福彩3D,组六三码,7,389,553,3.405,2.12,3,0.63,0.667,1,0.604,2.49,2025060
福彩3D,组六三码,8,348,623,3.339,2.19,3,-0.35,0.333,0,0.525,1.98,2024342
福彩3D,组六三码,9,035,453,3.048,2.18,3,-0.71,0.0,0,0.661,1.75,2025160
福彩3D,组六三码,10,125,374,1.962,1.36,3,0.31,0.333,1,0.513,1.54,2025239
福彩3D,组六三码,11,234,405,2.217,1.23,3,0.51,0.667,1,0.536,1.54,2025208
福彩3D,组六三码,12,457,360,2.258,1.32,3,0.34,0.333,1,0.616,1.52,2025253
福彩3D,组六三码,13,378,404,2.395,1.6,3,-0.17,0.333,0,0.582,1.5,2025209
福彩3D,组六三码,14,469,519,2.722,1.91,3,-0.69,0.0,0,0.513,1.5,2025094
福彩3D,组六三码,15,018,384,2.671,1.74,3,-0.45,0.333,0,0.684,1.47,2025229
福彩3D,组六三码,16,139,346,2.367,1.54,3,-0.16,0.333,1,0.673,1.44,2025267
福彩3D,组六三码,17,037,454,2.64,1.58,3,-0.47,0.333,0,0.57,1.3,2025159
福彩3D,组六三码,18,012,461,2.365,1.54,3,-0.47,0.0,0,0.502,1.25,2025152
福彩3D,组六三码,19,138,400,2.052,1.06,3,0.03,0.667,0,0.502,1.07,2025213
福彩3D,组六三码,20,059,376,2.187,1.31,3,-0.57,0.0,0,0.57,0.97,2025237
福彩3D,组六四码,1,0146四码,198,4.719,3.61,10,0.27,0.4,2,2.372,3.78,2026064
福彩3D,组六四码,2,4679四码,203,4.907,3.43,10,0.04,0.5,1,2.406,3.46,2026059
福彩3D,组六四码,3,0167四码,154,3.863,2.96,10,-0.18,0.5,0,2.497,2.85,2026108
福彩3D,组六四码,4,1467四码,154,3.846,2.82,10,0.01,0.5,1,2.486,2.82,2026108
福彩3D,组六四码,5,0128四码,138,3.399,2.4,10,0.46,0.4,3,2.452,2.68,2026124
福彩3D,组六四码,6,3469四码,140,3.368,2.41,10,-0.02,0.4,2,2.395,2.4,2026122
福彩3D,组六四码,7,0567四码,130,3.172,2.24,10,0.07,0.5,1,2.429,2.28,2026132
福彩3D,组六四码,8,3578四码,99,2.54,1.62,10,0.72,0.5,3,2.554,2.05,2026163
福彩3D,组六四码,9,0367四码,119,2.687,2.06,10,-0.09,0.4,1,2.246,2.01,2026143
福彩3D,组六四码,10,2467四码,118,2.704,1.75,10,0.42,0.6,3,2.281,2.0,2026144
福彩3D,组六四码,11,0357四码,99,2.551,1.75,10,0.33,0.5,3,2.566,1.95,2026163
福彩3D,组六四码,12,0248四码,114,2.613,1.81,10,-0.19,0.1,1,2.281,1.69,2026148
福彩3D,组六四码,13,0139四码,94,2.272,1.39,10,0.2,0.4,3,2.406,1.51,2026168
福彩3D,组六四码,14,0124四码,87,1.934,1.06,10,0.52,0.4,4,2.212,1.37,2026175
福彩3D,组六四码,15,0168四码,88,2.378,1.33,10,-0.1,0.4,1,2.691,1.27,2026174
福彩3D,组六四码,16,0136四码,94,2.326,1.32,10,-0.34,0.2,0,2.463,1.12,2026168
福彩3D,组六四码,17,1246四码,87,1.934,0.94,10,0.23,0.5,2,2.212,1.08,2026175
福彩3D,组六四码,18,2457四码,67,1.574,0.57,10,0.82,0.6,6,2.338,1.06,2026195
福彩3D,组六四码,19,5789四码,58,1.548,0.56,10,0.81,0.4,3,2.657,1.04,2026204
福彩3D,组六四码,20,1346四码,91,2.117,1.21,10,-0.29,0.2,1,2.315,1.04,2026171
福彩3D,组三,1,"组三(9,2)",1377,3.925,3.06,2,0.65,0.5,1,0.274,3.44,2022290
福彩3D,组三,2,"组三(6,5)",1047,3.701,3.23,2,-0.7,0.0,0,0.342,2.81,2023269
福彩3D,组三,3,"组三(3,0)",1121,3.196,2.74,2,-0.21,0.5,0,0.274,2.62,2023195
福彩3D,组三,4,"组三(2,8)",926,2.534,1.68,2,1.14,1.0,1,0.262,2.37,2024039
福彩3D,组三,5,"组三(6,8)",1027,2.81,2.22,2,-0.04,0.5,0,0.262,2.2,2023289
福彩3D,组三,6,"组三(2,4)",768,2.627,1.57,2,0.31,0.5,1,0.331,1.76,2024197
福彩3D,组三,7,"组三(3,1)",1084,3.584,1.98,2,-1.02,0.0,0,0.319,1.36,2023232
福彩3D,组三,8,"组三(3,6)",662,2.34,1.55,2,-0.86,0.0,0,0.342,1.03,2024303
福彩3D,组三,9,"组三(7,1)",966,2.093,1.37,2,-1.04,0.0,0,0.205,0.75,2023350
福彩3D,组三,10,"组三(5,6)",889,2.23,1.14,2,-0.7,0.0,0,0.239,0.72,2024076
福彩3D,组三,11,"组三(7,9)",627,2.002,1.2,2,-0.86,0.0,0,0.308,0.68,2024338
福彩3D,组三,12,"组三(8,4)",368,1.72,0.83,2,-0.37,0.5,0,0.456,0.61,2025245
福彩3D,组三,13,"组三(3,8)",528,1.626,0.82,2,-0.35,0.5,0,0.296,0.61,2025085
福彩3D,组三,14,"组三(0,6)",686,1.564,0.49,2,0.1,0.5,0,0.217,0.55,2024279
福彩3D,组三,15,"组三(2,7)",427,1.315,0.35,2,0.31,0.5,1,0.296,0.53,2025186
福彩3D,组三,16,"组三(5,0)",344,1.412,0.51,2,-0.06,0.5,0,0.399,0.47,2025269
福彩3D,组三,17,"组三(3,4)",847,2.125,1.16,2,-1.18,0.0,0,0.239,0.45,2024118
福彩3D,组三,18,"组三(2,1)",437,1.096,0.15,2,0.47,0.5,1,0.239,0.43,2025176
福彩3D,组三,19,"组三(0,1)",391,1.382,0.44,2,-0.07,0.5,0,0.342,0.4,2025222
福彩3D,组三,20,"组三(4,3)",542,1.73,1.04,2,-1.18,0.0,0,0.308,0.33,2025071
福彩3D,组三三码,1,368三码,362,6.563,5.2,3,1.68,1.0,3,1.802,6.21,2025251
福彩3D,组三三码,2,356三码,255,4.303,3.17,3,2.04,1.0,2,1.676,4.4,2026007
福彩3D,组三三码,3,035三码,233,4.41,3.78,3,0.6,1.0,0,1.881,4.14,2026029
福彩3D,组三三码,4,348三码,192,3.547,2.84,3,1.57,1.0,2,1.836,3.79,2026070
福彩3D,组三三码,5,013三码,213,4.007,2.73,3,0.74,1.0,1,1.87,3.17,2026049
福彩3D,组三三码,6,479三码,206,3.594,2.75,3,0.7,1.0,1,1.733,3.17,2026056
福彩3D,组三三码,7,136三码,159,2.991,1.93,3,1.1,0.667,2,1.87,2.6,2026103
福彩3D,组三三码,8,134三码,145,2.893,1.8,3,1.29,1.0,2,1.984,2.58,2026117
福彩3D,组三三码,9,279三码,173,2.88,2.11,3,0.5,0.667,1,1.653,2.41,2026089
福彩3D,组三三码,10,179三码,175,2.794,1.88,3,0.61,0.667,1,1.585,2.25,2026087
福彩3D,组三三码,11,149三码,145,2.695,1.9,3,0.18,0.667,0,1.847,2.01,2026117
福彩3D,组三三码,12,147三码,145,2.811,1.74,3,0.39,1.0,0,1.927,1.97,2026117
福彩3D,组三三码,13,034三码,149,2.599,1.44,3,0.88,0.667,1,1.733,1.97,2026113
福彩3D,组三三码,14,346三码,116,2.077,1.06,3,1.28,0.667,2,1.779,1.83,2026146
福彩3D,组三三码,15,014三码,145,2.695,1.75,3,0.07,0.667,0,1.847,1.79,2026117
福彩3D,组三三码,16,047三码,135,2.371,1.54,3,0.01,0.333,0,1.745,1.55,2026127
福彩3D,组三三码,17,146三码,116,2.341,1.56,3,-0.04,0.333,0,2.007,1.53,2026146
福彩3D,组三三码,18,468三码,116,2.169,1.22,3,0.37,0.667,1,1.859,1.44,2026146
福彩3D,组三三码,19,478三码,109,2.15,1.3,3,0.17,0.667,0,1.961,1.41,2026153
福彩3D,组三三码,20,127三码,143,2.283,1.26,3,0.2,0.667,0,1.585,1.39,2026119
体彩排三,两码组六,1,45,86,4.379,3.45,2,-0.68,0.0,0,5.079,3.04,2026176
体彩排三,两码组六,2,48,42,2.101,1.16,2,-0.67,0.0,0,4.989,0.76,2026220
体彩排三,两码组六,3,14,35,1.945,0.88,2,-0.21,0.5,0,5.545,0.75,2026227
体彩排三,两码组六,4,24,42,2.03,1.05,2,-0.85,0.0,0,4.821,0.54,2026220
体彩排三,两码组六,5,08,30,1.543,0.57,2,-0.07,0.5,0,5.131,0.53,2026232
体彩排三,两码组六,6,56,34,1.569,0.56,2,-0.08,0.5,0,4.601,0.51,2026228
体彩排三,两码组六,7,29,38,1.724,0.81,2,-0.87,0.0,0,4.524,0.29,2026224
体彩排三,两码组六,8,18,31,1.45,0.41,2,-0.37,0.5,0,4.666,0.19,2026231
体彩排三,两码组六,9,03,28,1.317,0.32,2,-0.26,0.5,0,4.692,0.17,2026234
体彩排三,两码组六,10,04,23,1.026,0.03,2,0.08,0.5,0,4.446,0.08,2026239
体彩排三,两码组六,11,36,24,1.083,0.09,2,-0.26,0.5,0,4.498,-0.07,2026238
体彩排三,两码组六,12,16,14,0.639,-0.34,2,0.38,1.0,0,4.55,-0.11,2026248
体彩排三,两码组六,13,07,23,1.029,0.03,2,-0.25,0.5,0,4.459,-0.12,2026239
体彩排三,两码组六,14,68,16,0.835,-0.17,2,-0.07,0.5,0,5.209,-0.21,2026246
体彩排三,两码组六,15,06,6,0.271,-0.7,2,0.68,1.0,0,4.511,-0.3,2026256
体彩排三,两码组六,16,01,10,0.464,-0.54,2,0.38,1.0,0,4.627,-0.31,2026252
体彩排三,两码组六,17,02,18,0.826,-0.18,2,-0.25,0.5,0,4.575,-0.34,2026244
体彩排三,两码组六,18,05,15,0.63,-0.39,2,-0.09,0.5,0,4.188,-0.44,2026247
体彩排三,两码组六,19,26,14,0.651,-0.32,2,-0.25,0.5,0,4.64,-0.47,2026248
体彩排三,两码组六,20,15,15,0.665,-0.32,2,-0.38,0.5,0,4.42,-0.55,2026247
体彩排三,组六三码,1,468,979,6.453,4.97,3,0.1,0.333,1,0.646,5.03,2023337
体彩排三,组六三码,2,238,1032,7.203,5.36,3,-0.83,0.0,0,0.685,4.86,2023284
体彩排三,组六三码,3,138,697,4.054,3.29,3,-0.48,0.333,0,0.569,3.0,2024268
体彩排三,组六三码,4,456,621,3.692,2.3,3,1.11,0.667,1,0.582,2.97,2024344
体彩排三,组六三码,5,245,536,3.464,2.04,3,1.42,0.667,2,0.633,2.89,2025077
体彩排三,组六三码,6,239,581,3.604,3.06,3,-0.39,0.333,0,0.607,2.82,2025032
体彩排三,组六三码,7,139,1037,4.959,3.05,3,-0.76,0.0,0,0.465,2.59,2023279
体彩排三,组六三码,8,457,375,2.569,1.95,3,0.93,0.667,1,0.672,2.5,2025238
体彩排三,组六三码,9,356,624,3.387,2.28,3,-0.12,0.667,0,0.53,2.2,2024341
体彩排三,组六三码,10,058,569,2.868,2.04,3,-0.25,0.333,0,0.491,1.89,2025044
体彩排三,组六三码,11,679,633,3.518,2.22,3,-0.71,0.0,0,0.543,1.79,2024332
体彩排三,组六三码,12,148,291,2.257,1.25,3,0.82,1.0,1,0.763,1.74,2025322
体彩排三,组六三码,13,024,354,2.15,1.17,3,0.3,0.667,1,0.595,1.35,2025259
体彩排三,组六三码,14,478,394,2.037,1.31,3,0.03,0.333,1,0.504,1.33,2025219
体彩排三,组六三码,15,489,322,2.247,1.08,3,-0.05,0.333,1,0.685,1.05,2025291
体彩排三,组六三码,16,567,296,1.875,1.04,3,-0.02,0.667,0,0.62,1.03,2025317
体彩排三,组六三码,17,234,305,2.129,1.1,3,-0.29,0.333,1,0.685,0.92,2025308
体彩排三,组六三码,18,128,348,1.844,0.95,3,-0.09,0.333,0,0.517,0.89,2025265
体彩排三,组六三码,19,569,266,1.925,0.94,3,-0.17,0.333,0,0.711,0.84,2025347
体彩排三,组六三码,20,057,330,1.663,0.8,3,-0.11,0.667,0,0.491,0.73,2025283
体彩排三,组六四码,1,1238四码,345,7.848,5.85,10,0.7,0.5,2,2.262,6.27,2025268
体彩排三,组六四码,2,2457四码,225,5.525,5.04,10,0.75,0.7,4,2.443,5.49,2026037
体彩排三,组六四码,3,0245四码,211,4.882,3.65,10,0.79,0.7,4,2.301,4.12,2026051
体彩排三,组六四码,4,3567四码,207,4.602,3.41,10,0.18,0.7,2,2.21,3.52,2026055
体彩排三,组六四码,5,0239四码,179,3.979,3.31,10,0.18,0.4,1,2.21,3.42,2026083
体彩排三,组六四码,6,4789四码,164,3.815,2.53,10,0.05,0.5,3,2.314,2.56,2026098
体彩排三,组六四码,7,1568四码,167,3.605,2.51,10,0.06,0.5,0,2.146,2.55,2026095
体彩排三,组六四码,8,1489四码,123,3.307,2.32,10,0.3,0.6,3,2.675,2.5,2026139
体彩排三,组六四码,9,0257四码,162,3.455,2.46,10,0.04,0.5,0,2.12,2.49,2026100
体彩排三,组六四码,10,1468四码,106,2.822,1.64,10,0.79,0.6,3,2.65,2.11,2026156
体彩排三,组六四码,11,4568四码,86,2.279,1.4,10,1.04,0.6,4,2.637,2.02,2026176
体彩排三,组六四码,12,0234四码,112,2.721,1.74,10,0.18,0.6,3,2.417,1.84,2026150
体彩排三,组六四码,13,6789四码,131,3.048,1.89,10,-0.12,0.3,1,2.314,1.82,2026131
体彩排三,组六四码,14,1456四码,106,2.493,1.4,10,0.59,0.5,2,2.339,1.75,2026156
体彩排三,组六四码,15,1458四码,86,2.279,1.38,10,0.52,0.5,3,2.637,1.69,2026176
体彩排三,组六四码,16,3456四码,99,2.303,1.35,10,0.56,0.5,3,2.314,1.69,2026163
体彩排三,组六四码,17,2456四码,101,2.324,1.1,10,0.73,0.5,4,2.288,1.54,2026161
体彩排三,组六四码,18,2459四码,89,2.197,1.17,10,0.52,0.5,3,2.456,1.48,2026173
体彩排三,组六四码,19,3468四码,99,2.239,1.26,10,0.35,0.4,2,2.249,1.47,2026163
体彩排三,组六四码,20,2346四码,99,2.393,1.52,10,-0.17,0.3,2,2.404,1.42,2026163
体彩排三,组三,1,"组三(6,1)",2238,6.074,3.52,2,0.38,1.0,0,0.258,3.75,2020092
体彩排三,组三,2,"组三(9,2)",1180,4.728,3.62,2,-0.87,0.0,0,0.388,3.1,2023136
体彩排三,组三,3,"组三(3,6)",854,2.649,2.5,2,-0.26,0.5,0,0.297,2.34,2024111
体彩排三,组三,4,"组三(0,1)",1184,3.061,1.75,2,0.38,1.0,0,0.246,1.97,2023132
体彩排三,组三,5,"组三(4,6)",759,2.943,1.73,2,0.09,0.5,0,0.375,1.78,2024206
体彩排三,组三,6,"组三(7,5)",920,3.329,2.34,2,-1.02,0.0,0,0.349,1.73,2024045
体彩排三,组三,7,"组三(0,6)",676,2.534,1.29,2,0.68,1.0,0,0.362,1.7,2024289
体彩排三,组三,8,"组三(1,0)",1102,2.279,1.35,2,0.38,1.0,0,0.194,1.57,2023214
体彩排三,组三,9,"组三(4,0)",672,2.432,1.48,2,0.08,0.5,0,0.349,1.53,2024293
体彩排三,组三,10,"组三(8,1)",723,2.149,1.62,2,-0.37,0.5,0,0.284,1.4,2024242
体彩排三,组三,11,"组三(9,0)",548,2.337,1.21,2,0.06,0.5,0,0.414,1.24,2025065
体彩排三,组三,12,"组三(9,1)",819,1.8,1.37,2,-0.23,0.5,0,0.207,1.23,2024146
体彩排三,组三,13,"组三(0,8)",651,1.935,1.25,2,-0.07,0.5,0,0.284,1.2,2024314
体彩排三,组三,14,"组三(9,5)",738,2.48,1.54,2,-0.7,0.0,0,0.323,1.12,2024227
体彩排三,组三,15,"组三(5,3)",648,2.596,1.62,2,-1.02,0.0,0,0.388,1.0,2024317
体彩排三,组三,16,"组三(7,3)",1088,2.531,1.65,2,-1.19,0.0,0,0.22,0.93,2023228
体彩排三,组三,17,"组三(5,0)",767,2.082,0.95,2,-0.09,0.5,0,0.258,0.9,2024198
体彩排三,组三,18,"组三(6,9)",422,1.527,0.63,2,0.07,0.5,0,0.349,0.67,2025191
体彩排三,组三,19,"组三(3,9)",665,1.805,1.11,2,-0.87,0.0,0,0.258,0.58,2024300
体彩排三,组三,20,"组三(6,0)",391,1.112,0.15,2,0.68,1.0,0,0.271,0.56,2025222
体彩排三,组三三码,1,367三码,265,4.453,3.21,3,1.45,1.0,1,1.667,4.08,2025348
体彩排三,组三三码,2,258三码,240,4.002,3.3,3,0.92,1.0,2,1.654,3.86,2026022
体彩排三,组三三码,3,036三码,215,3.779,2.89,3,1.54,1.0,2,1.745,3.82,2026047
体彩排三,组三三码,4,128三码,202,3.472,2.49,3,0.63,1.0,1,1.706,2.87,2026060
体彩排三,组三三码,5,014三码,141,2.551,1.84,3,1.39,0.667,1,1.797,2.67,2026121
体彩排三,组三三码,6,089三码,153,3.283,2.54,3,0.15,1.0,0,2.133,2.63,2026109
体彩排三,组三三码,7,012三码,171,2.652,1.68,3,1.44,0.667,1,1.538,2.55,2026091
体彩排三,组三三码,8,018三码,153,2.63,1.66,3,1.38,1.0,1,1.706,2.49,2026109
体彩排三,组三三码,9,028三码,153,2.65,1.92,3,0.36,0.667,1,1.719,2.14,2026109
体彩排三,组三三码,10,357三码,103,2.183,1.21,3,0.98,0.667,1,2.107,1.8,2026159
体彩排三,组三三码,11,346三码,126,2.215,1.2,3,0.79,0.333,1,1.745,1.68,2026136
体彩排三,组三三码,12,046三码,126,2.443,1.37,3,0.44,0.333,1,1.926,1.63,2026136
体彩排三,组三三码,13,019三码,104,1.774,0.84,3,1.16,0.667,1,1.693,1.54,2026158
体彩排三,组三三码,14,358三码,87,1.72,0.83,3,1.11,0.667,2,1.965,1.5,2026175
体彩排三,组三三码,15,356三码,76,1.532,0.49,3,1.61,0.667,2,2.003,1.46,2026186
体彩排三,组三三码,16,467三码,119,2.261,1.29,3,0.2,0.333,0,1.887,1.41,2026143
体彩排三,组三三码,17,039三码,117,2.329,1.32,3,0.08,0.667,0,1.978,1.37,2026145
体彩排三,组三三码,18,347三码,119,2.322,1.23,3,0.13,0.333,0,1.939,1.31,2026143
体彩排三,组三三码,19,034三码,130,2.386,1.16,3,0.0,0.333,0,1.822,1.16,2026132
体彩排三,组三三码,20,048三码,93,2.055,1.19,3,-0.07,0.333,0,2.197,1.15,2026169
